PD;qn01;Unit_qn01;qn02;Unit_qn02;qn03;Unit_qn03;qn04;Unit_qn04;qn05;Unit_qn05;qn06;Unit_qn06;qn07;qn08;qn09;qn10
0.000250;2193.43872;MLN;6913.26592;MLN;16542.94136;MLN;66144.56376;MLN;168631.7512;MLN;0;MLN;N/A;15.972;14.0096;0.67056
0.004850;81.928;MLN;22;MLN;1031.096;MLN;417.472;MLN;1370.6;MLN;1432.2;MLN;109.34;15.1272;15.1272;0.4576
0.085450;615.436052;MLN;144.3998072;MLN;3132.243664;MLN;652.2918864;MLN;2448.10515;MLN;N/A;MLN;14.432;15.312;15.224;0.20856
0.004850;149.451236;MLN;99.5578672;MLN;3580.421346;MLN;49.435628;MLN;3664.64501;MLN;4264.509779;MLN;778.89328;12.5664;N/A;1.34376
0.023850;52.3424;MLN;21.9648;MLN;262.9176;MLN;105.7936;MLN;502.4888;MLN;575.5288;MLN;105.424;12.1352;8.2984;2.3496
0.000550;266.992;MLN;527.736;MLN;N/A;MLN;14011.448;MLN;13988.832;MLN;16084.024;MLN;175.4192;11.44;9.152;0.616
0.020083;590.5628872;THD;201.6766488;THD;5441.341409;THD;1418.826376;THD;5237.844401;THD;6674.682749;THD;84.54776;15.4616;10.2344;0.48312
0.001050;1052.480053;MLN;526.404296;MLN;27668.72677;MLN;3011.360158;MLN;31841.10032;MLN;36720.66538;MLN;86.48112;13.6048;12.0032;1.5532
0.000250;44856.24;MLN;51932.32;MLN;736823.12;MLN;515321.84;MLN;1126149.2;MLN;1289430.56;MLN;318.50016;14.08;12.056;0.87384
0.001850;193.6;MLN;659.12;MLN;10470.24;MLN;1728.32;MLN;17869.28;MLN;N/A;MLN;426.8;15.0304;14.3352;0.0088
0.007717;277.1063856;MLN;116.5531928;MLN;4361.617084;MLN;1752.744708;MLN;6185.510734;MLN;6055.61711;MLN;80.83856;13.0856;12.0912;1.31472
0.012550;318.032;MLN;90.728;MLN;2035.44;MLN;346.984;MLN;1846.68;MLN;2459.16;MLN;109.3312;22;15.752;2.772
0.032750;234.5045384;MLN;115.4283504;MLN;3013.470205;MLN;478.3458416;MLN;3513.355718;MLN;N/A;MLN;136.42816;N/A;N/A;1.43528
0.000850;3135.968;MLN;2429.24;MLN;49414.728;MLN;38539.512;MLN;26610.936;MLN;N/A;MLN;102.3264;N/A;8.712;0.6336
0.009983;1277.144;MLN;646.8;MLN;28508.832;MLN;9828.104;MLN;23104.048;MLN;17202.592;MLN;15.2504;13.464;13.464;0.3784
0.017517;209.104544;MLN;64.3095816;MLN;1235.448632;MLN;0.0362208;MLN;221.0845648;MLN;1475.016382;MLN;N/A;13.816;N/A;0.66792
0.002050;528.6406664;MLN;459.0500376;MLN;15707.7223;MLN;1257.09782;MLN;19711.78907;MLN;N/A;MLN;109.4852;13.288;N/A;0.98912
0.002317;1042.171478;MLN;408.7648576;MLN;19096.55698;MLN;3870.404578;MLN;16871.75247;MLN;25560.01224;MLN;111.8436;11.8888;10.4104;1.05512
0.000250;118.008;MLN;77.616;MLN;2817.232;MLN;1292.72;MLN;3318.48;MLN;N/A;MLN;60.3064;15.84;12.672;0.088
0.085450;287.3110328;MLN;101.8649544;MLN;1494.835135;MLN;476.9024568;MLN;1341.933956;MLN;1789.960533;MLN;0.9284;12.848;9.856;0.38544
0.002550;1567.921291;MLN;185.6714464;MLN;10862.28567;MLN;1773.234382;MLN;11229.95193;MLN;16526.58779;MLN;204.34744;11.352;N/A;0.98648
0.001850;212.256;MLN;110.792;MLN;4112.592;MLN;656.304;MLN;9017.096;MLN;4516.512;MLN;738.232;14.784;11.264;0.792
0.032750;141.2113472;MLN;47.579576;MLN;543.3846968;MLN;867.7036456;MLN;936.0447976;MLN;N/A;MLN;34.98704;14.5992;9.7504;-0.64592
0.538250;1009.168596;MLN;267.5193258;MLN;6772.258529;MLN;3007.407857;MLN;5628.521174;MLN;0;MLN;0;1.848;1.848;-49.06
0.023850;70.928;MLN;29.04;MLN;532.4;MLN;49.984;MLN;29.304;MLN;856.592;MLN;465.388;15.9544;15.4;-1.2056
0.002083;1232.02985;MLN;743.912136;MLN;16386.57162;MLN;5298.993322;MLN;23470.58465;MLN;20681.51117;MLN;101.64176;15.62;12.54;1.07976
0.003583;15317.84265;MLN;21049.31875;MLN;408567.5248;MLN;439351.8764;MLN;452469.719;MLN;2645998.87;MLN;74.45504;22.264;15.048;-0.15048
0.000250;4892.187511;MLN;2238.681632;MLN;129066.0428;MLN;23277.397;MLN;149700.5146;MLN;124885.436;MLN;210.3112;13.728;11.44;0.90992
0.003317;5449.939713;MLN;1994.426342;MLN;37068.73133;MLN;3977.210785;MLN;42676.03762;MLN;34260.66702;MLN;231.93808;18.1192;14.7488;2.66112
0.077650;247.456;MLN;111.76;MLN;1597.288;MLN;336.864;MLN;1690.304;MLN;N/A;MLN;N/A;14.872;8.008;-8.008
0.062050;124.08;MLN;66.264;MLN;2249.632;MLN;5.896;MLN;795.52;MLN;N/A;MLN;197.736;N/A;N/A;0.4136
0.000250;18831.32173;MLN;5743.90476;MLN;348889.6238;MLN;109987.3555;MLN;273295.9878;MLN;247952.7276;MLN;40.71584;11.704;9.944;0.79464
0.052283;3648.905885;MLN;1194.91995;MLN;53171.26808;MLN;20876.91846;MLN;43555.45792;MLN;33707.1175;MLN;47.278;19.536;15.224;0.095232231
0.009150;322.1274056;MLN;92.9343096;MLN;2537.562597;MLN;576.0963912;MLN;2420.595954;MLN;3319.946142;MLN;45.05072;12.54;12.056;0.968
0.002550;161.3524088;MLN;46.4603392;MLN;3526.179474;MLN;367.7919432;MLN;2977.123556;MLN;3960.114453;MLN;24.4156;12.7424;10.472;1.37632
0.032750;1045.264;MLN;606.848;MLN;4698.144;MLN;1276;MLN;9205.504;MLN;N/A;MLN;21.0408;17.6;N/A;1.9008
0.002550;4201.12;MLN;1411.52;MLN;89287.44;MLN;51712.32;MLN;45726.56;MLN;52598.48;MLN;41.932;17.424;13.112;0.2112
0.009150;3077.514458;MLN;685.2410048;MLN;27333.98566;MLN;0;MLN;30394.78974;MLN;22960.27052;MLN;42.83752;9.8208;6.82;-0.43472
0.000383;1295.030792;MLN;1312.770932;MLN;72253.8479;MLN;11835.33959;MLN;71687.93718;MLN;55830.01908;MLN;15.19848;15.752;14.784;0.42328
0.000850;7687.566348;MLN;3207.941326;MLN;214895.7348;MLN;99353.80034;MLN;105715.5688;MLN;107403.0299;MLN;55.12408;18.48;16.28;0.34232
0.001417;2964.51056;MLN;2818.24576;MLN;70661.71464;MLN;46372.93144;MLN;119150.504;MLN;126317.7256;MLN;584.84624;16.3504;13.552;0.19976
0.001850;465.0538992;MLN;252.934132;MLN;9106.778604;MLN;1928.047942;MLN;8194.203732;MLN;7310.275579;MLN;20.30688;14.344;14.1944;1.18624
0.002550;518.2573264;MLN;585.4638944;MLN;16699.70345;MLN;3868.887924;MLN;23288.20195;MLN;16892.30213;MLN;N/A;11.6688;8.6328;0.34584
0.003317;792.5630944;MLN;354.3003376;MLN;6839.367102;MLN;34.3613336;MLN;6550.243075;MLN;6428.804281;MLN;108.94576;21.4456;21.4456;3.28064
0.002050;644.4072008;MLN;740.3113872;MLN;22386.10818;MLN;11607.85649;MLN;16707.92843;MLN;12695.85651;MLN;9.93784;12.98;11.8976;0.4048
0.007417;327.934112;MLN;107.2817152;MLN;7024.052957;MLN;985.8319944;MLN;7382.721826;MLN;N/A;MLN;29.4448;16.1832;N/A;0.9856
0.000250;142.7544976;MLN;447.3293528;MLN;3802.443181;MLN;0;MLN;4891.018053;MLN;0;MLN;91.57984;0;0;0.66264
0.077650;227.3993568;MLN;74.9179024;MLN;1071.892809;MLN;329.8537968;MLN;1181.46365;MLN;1510.96;MLN;22.48664;13.4464;8.9584;0.06424
0.000550;8493.408;MLN;3930.432;MLN;138188.952;MLN;68630.496;MLN;128508.6;MLN;97471.968;MLN;44.5192;16.104;13.992;0.6424
0.000450;819066.16;MLN;4730.0616;MLN;291310.184;MLN;206356.8936;MLN;176213.6552;MLN;137287.6648;MLN;104.544;19.008;16.28;0.4928
0.162050;220.3784;MLN;181.236;MLN;1761.32;MLN;277.5256;MLN;1707.728;MLN;2230.0432;MLN;17.6;19.008;16.456;0.66
0.001383;40282.88;MLN;27145.36;MLN;516523.92;MLN;365108.48;MLN;805353.12;MLN;879096.24;MLN;231.18216;13.1912;11.2112;0.87384
0.009150;773.52;MLN;334.576;MLN;12084.864;MLN;1465.112;MLN;11233.552;MLN;14003.44;MLN;29.7088;13.728;12.936;1.0648
0.024883;312.56368;MLN;265.078;MLN;3684.736;MLN;785.928;MLN;5083.584;MLN;N/A;MLN;150.1984;12.232;N/A;1.3288
0.009217;2369.378941;MLN;866.8;MLN;18953.47546;MLN;3282.4;MLN;14.13808;MLN;N/A;MLN;5.6144;13.6664;10.5688;0.7304
0.000550;169.8312;MLN;268.97816;MLN;10340.22616;MLN;677.12832;MLN;11520.33696;MLN;6257.68;MLN;817.3572;13.376;13.288;0.52712
0.023850;103.9456;MLN;50.1424;MLN;1295.8176;MLN;328.6008;MLN;645.4448;MLN;1357.3472;MLN;64.0112;11.3168;N/A;0
0.000383;8989.681598;MLN;8193.961934;MLN;218316.4187;MLN;106748.8536;MLN;267990.7154;MLN;160882.6781;MLN;99.0572;12.672;10.824;0.63008
0.001850;6080.143098;MLN;2042.950897;MLN;133913.7801;MLN;19692.18532;MLN;71514.38925;MLN;114932.6497;MLN;135.1724;11.0088;8.2368;0.44088
0.020083;3722.31809;MLN;557.962988;MLN;29986.72134;MLN;0;MLN;29965.25629;MLN;39248.64187;MLN;4.46072;10.3488;7.9024;-0.87296
0.000550;2241.36;MLN;978.296;MLN;51056.808;MLN;19137.888;MLN;56026.344;MLN;65956.968;MLN;29.04;14.696;13.816;1.144
0.001583;2019.354269;MLN;1991.614645;MLN;59882.17589;MLN;18205.53642;MLN;74128.61424;MLN;68251.4228;MLN;130.30336;12.0912;8.4304;0.6204
0.001850;1108.006196;MLN;719.8770216;MLN;36291.54441;MLN;2718.031897;MLN;36620.81146;MLN;29202.37955;MLN;148.15064;11.88;8.36;0.51568
0.017517;1168.769219;MLN;420.1499456;MLN;12457.68975;MLN;1535.838858;MLN;6644.465247;MLN;14440.77494;MLN;56.95008;13.5256;7.9464;0.25696
0.004850;1795.4024;MLN;394.856;MLN;13090.5632;MLN;N/A;MLN;13843.9312;MLN;N/A;MLN;7.8496;14.52;9.416;1.4872
0.062050;144.31912;MLN;165.20592;MLN;3351.16584;MLN;472.47376;MLN;3621.8864;MLN;3379.7456;MLN;188.35784;14.7224;10.9824;-2.0768
0.001850;995.3533128;MLN;938.0599008;MLN;15549.70087;MLN;48398.85113;MLN;23628.26389;MLN;29880.71908;MLN;103.87432;15.048;12.672;0.26224
0.067883;4476.56;MLN;741.84;MLN;15190.56;MLN;14396.8;MLN;48428.16;MLN;28106.32;MLN;790.24;8.448;N/A;0.88
0.002083;581.3397656;MLN;242.5514784;MLN;14282.68235;MLN;4723.652516;MLN;16503.82592;MLN;20046.54185;MLN;105.93088;14.9072;12.3816;1.24872
0.001850;6500.56;MLN;3116.08;MLN;121533.28;MLN;98914.64;MLN;92154.48;MLN;93977.84;MLN;73.0224;16.544;13.728;0.3872
0.000850;163.8302688;MLN;253.0632104;MLN;5937.627458;MLN;449.0918432;MLN;12169.38657;MLN;3459.328814;MLN;79.96736;16.192;16.192;-0.05192
0.023850;334.673152;MLN;72.8930136;MLN;2030.759931;MLN;484.0187616;MLN;2074.766021;MLN;2833.48802;MLN;14.09056;11.352;N/A;-1.6324
0.000550;5484.16;MLN;1941.808;MLN;115678.552;MLN;23736.152;MLN;113331.064;MLN;76544.248;MLN;43.1024;15.6112;12.7336;0.9152
0.012550;215.5109264;MLN;106.410524;MLN;3618.652558;MLN;571.01132;MLN;3422.549724;MLN;N/A;MLN;164.94368;11.9768;N/A;0.13376
0.077650;227.3993568;MLN;74.9179024;MLN;1071.892809;MLN;329.8537968;MLN;1181.46365;MLN;1510.96;MLN;22.48664;13.4464;8.9584;0.06424
0.000250;6056.16;MLN;3045.68;MLN;178545.84;MLN;49268.56;MLN;199248.72;MLN;N/A;MLN;175.1288;N/A;N/A;0.8976
0.002550;325.068392;MLN;188.832864;MLN;8234.778728;MLN;1462.85568;MLN;9517.711544;MLN;8408.091032;MLN;144.04368;8.5096;6.9696;0.29568
0.000883;55236.368;MLN;24159.96;MLN;752116.904;MLN;309913.296;MLN;584620.872;MLN;561062.568;MLN;29.568;12.672;11.088;0.528
0.062050;246920.08;THD;47065.04;THD;1385170.16;THD;278498;THD;2346374.8;THD;2620090.88;THD;53.1784;7.216;6.5384;-2.1384
0.023850;2901.184;MLN;532.928;MLN;12831.016;MLN;4484.216;MLN;15029.432;MLN;24027.784;MLN;88.792;13.816;9.328;0.176
0.000450;44392.48;MLN;49848.48;MLN;819155.04;MLN;483200.96;MLN;1056042.24;MLN;1236910.4;MLN;N/A;13.816;11.352;0.616
0.001850;2687.289968;MLN;1104.981662;MLN;52346.85982;MLN;12429.45411;MLN;61396.537;MLN;57189.0457;MLN;307.50984;15.136;12.056;0.6292
0.062050;244.2344168;MLN;112.5194312;MLN;884.7777576;MLN;70.5591832;MLN;955.5361728;MLN;1052.572866;MLN;460.64832;20.416;13.64;-3.70744
0.003583;6225.12;MLN;4284.192;MLN;126376.712;MLN;30689.472;MLN;122190.024;MLN;94179.624;MLN;28.952;15.752;10.824;0.528
0.118950;197.7485048;MLN;145.7245504;MLN;4211.640796;MLN;759.1856448;MLN;5881.389325;MLN;3792.383302;MLN;N/A;15.9544;15.5584;0.15312
0.000450;17473.98248;MLN;13244.32626;MLN;731043.2892;MLN;426728.5726;MLN;1032721.156;MLN;644244.853;MLN;11.82104;13.7368;10.8504;0.35024
0.000517;8730.92;MLN;4123.504;MLN;259777.32;MLN;60425.024;MLN;213967.248;MLN;112244.8976;MLN;78.8304;16.016;N/A;0.308
0.000883;4860.670566;MLN;883.384656;MLN;95616.91236;MLN;10989.72581;MLN;95540.51676;MLN;76969.03453;MLN;41.47792;14.344;N/A;1.94568
0.001850;2950.952391;MLN;1100.061477;MLN;49036.72747;MLN;13063.79648;MLN;53985.55865;MLN;43678.6922;MLN;32.29688;13.5872;10.4104;0.8096
0.307350;224.4;MLN;49.28;MLN;2181.52;MLN;96.8;MLN;652.08;MLN;1760;MLN;0.3696;4.136;3.784;-11.352
0.032750;186.56;MLN;1.76;MLN;3365.12;MLN;14.96;MLN;1882.32;MLN;N/A;MLN;400.4;16.8256;14.564;0.88
0.012550;10989.44;THD;5023.92;THD;150912.96;THD;10197.44;THD;37612.96;THD;254474.88;THD;39.512;30.7736;14.0184;1.628
0.009150;20898.33654;MLN;5520.813408;MLN;72411.79546;MLN;43454.75904;MLN;39536.86141;MLN;N/A;MLN;13.74824;14.344;12.32;1.05952
0.001850;282.7028072;MLN;17.1344888;MLN;N/A;MLN;2015.389781;MLN;12986.48478;MLN;4873.72505;MLN;94.8244;11.792;N/A;1.29712
0.000550;5788.979513;MLN;1881.975278;MLN;154201.8952;MLN;41870.17869;MLN;95634.39316;MLN;105565.1368;MLN;162.316;15.752;13.464;0.87384
0.002550;380.4307848;MLN;117.0835248;MLN;7330.472882;MLN;2742.771557;MLN;6156.325578;MLN;7954.257529;MLN;17.88248;14.608;N/A;1.53648
0.002550;887.6785984;MLN;411.8717768;MLN;35675.35338;MLN;2962.821286;MLN;41291.18563;MLN;34852.38302;MLN;100.32528;10.3224;7.7528;0.55
0.023850;473.88;MLN;184.712;MLN;4575.736;MLN;27.544;MLN;7200.864;MLN;6133.248;MLN;111.8128;14.9864;14.9864;1.4168
0.000383;15288.17606;MLN;12536.45235;MLN;318995.4715;MLN;210191.7375;MLN;326321.7425;MLN;278439.3285;MLN;166.4476;12.32;10.736;0.8756
0.002050;482.87426;MLN;346.4431168;MLN;11185.82055;MLN;6618.443225;MLN;14388.21582;MLN;5354.443204;MLN;43.9868;14.1416;13.8336;0.56584
0.002050;17885.24892;MLN;10233.72557;MLN;378363.6649;MLN;246813.4442;MLN;224530.8662;MLN;287522.8252;MLN;54.22208;15.136;12.496;0.18128
0.004850;907.0835048;MLN;556.3454952;MLN;17778.48921;MLN;3627.447762;MLN;22103.0527;MLN;12468.25054;MLN;328.87008;17.072;16.808;1.35168
0.000450;1680992.72;THD;1693916.4;THD;43200183.84;THD;9659305.92;THD;52779207.36;THD;59610167.76;THD;814.20416;10.912;9.2488;0.6424
0.023850;659171.7598;THD;180530.5198;THD;2594893.986;THD;2133222.192;THD;3278695.872;THD;4551960.659;THD;30.70936;12.8744;8.6152;3.15568
0.002550;894.5780624;MLN;252.4197896;MLN;23791.2605;MLN;259.6725384;MLN;22125.83624;MLN;25350.09354;MLN;74.64688;12.408;N/A;1.6016
0.023850;214.544;MLN;117.04;MLN;4683.36;MLN;520.96;MLN;5714.72;MLN;5109.28;MLN;656.0576;15.928;12.804;2.288
0.023850;82.837436;MLN;27.4687952;MLN;467.4549088;MLN;105.8677576;MLN;532.126716;MLN;861.8198864;MLN;68.81336;12.32;8.36;2.72712
0.020083;734.7349768;MLN;271.7954712;MLN;5612.890087;MLN;571.0511048;MLN;4059.88909;MLN;6822.815982;MLN;2.68752;11.4928;9.5568;0.35816
0.000550;337.216;MLN;318.208;MLN;10306.648;MLN;2071.696;MLN;6730.592;MLN;27280;MLN;30.17432;21.824;21.824;0.3168
0.001883;24878.568;MLN;30586.864;MLN;415376.28;MLN;808040.288;MLN;543208.6;MLN;380725.312;MLN;236.016;14.256;12.936;-0.352
0.023850;349.3623672;MLN;107.9368664;MLN;3167.772819;MLN;506.820688;MLN;3274.958342;MLN;N/A;MLN;10.5204;11.5368;9.6712;1.44232
0.000517;2013.416874;MLN;680.5140232;MLN;41068.3111;MLN;7775.314923;MLN;34965.7211;MLN;43034.75598;MLN;17.18288;14.784;12.936;1.15016
0.000450;3992.56;MLN;2332.88;MLN;136935.92;MLN;52270.24;MLN;92360.4;MLN;60143.072;MLN;104.5616;20.944;18.744;0.572
0.062050;3119.90199;MLN;666.7038312;MLN;21340.44884;MLN;0;MLN;29784.9975;MLN;N/A;MLN;N/A;8.5008;6.82;-0.9108
0.000383;90.2;MLN;767.096;MLN;3520.528;MLN;2615.536;MLN;21110.672;MLN;N/A;MLN;151.448;14.168;18.216;0.176
0.000450;12602.727;MLN;12284.529;MLN;340509.6692;MLN;463670.5491;MLN;434040.3173;MLN;299134.8017;MLN;114.45544;13.64;10.384;0.22792
0.000717;2665.17504;MLN;2219.83872;MLN;70128.14952;MLN;11610.19816;MLN;68267.0076;MLN;80629.83896;MLN;0;12.6104;10.3312;0.62392
0.012550;4287.131851;MLN;890.9620192;MLN;35587.10786;MLN;0;MLN;44151.31164;MLN;36322.25846;MLN;88.55352;9.3456;7.216;0.30008
0.002550;356.8862352;MLN;155.5928176;MLN;11715.16188;MLN;4987.305479;MLN;8790.419317;MLN;9655.760646;MLN;36.44432;17.072;N/A;0.34144
0.003583;19759.96;MLN;15210.1488;MLN;469618.9782;MLN;232988.0759;MLN;381424.8689;MLN;374226.4975;MLN;50.57712;12.5224;10.12;0.2112
0.001850;244.816;MLN;506;MLN;7321.688;MLN;2910.6;MLN;6963.968;MLN;N/A;MLN;116.6616;28.16;28.16;2.10584
0.001050;603.328;MLN;211.64;MLN;8581.936;MLN;3225.112;MLN;9082.04;MLN;N/A;MLN;189.64;15.1448;13.3144;2.0592
0.007717;39920.2958;MLN;12806.70618;MLN;105887.4254;MLN;88110.38755;MLN;62856.65047;MLN;177212.3707;MLN;27.66544;13.552;10.56;1.42736
0.029783;139.3712408;MLN;40.6670968;MLN;613.084208;MLN;373.06126;MLN;641.1711944;MLN;813.0582416;MLN;37.73088;17.864;17.512;2.84416
0.000483;1245.798462;MLN;562.7776264;MLN;30937.68055;MLN;13756.67699;MLN;40220.83623;MLN;48492.25;MLN;82.89776;17.688;17.16;2.02752
0.000450;3746.16;MLN;1702.8;MLN;144149.28;MLN;26991.36;MLN;77564.96;MLN;40565.36;MLN;68.64;26.664;23.672;0.616
0.000550;419.76;MLN;815.76;MLN;16474.48;MLN;5.28;MLN;35662.88;MLN;18194.704;MLN;0;37.576;37.4;0.44
0.001383;25056.768;MLN;16759.7584;MLN;384658.208;MLN;514130.7864;MLN;344993.5368;MLN;341772.64;MLN;75.9088;14.344;11.88;0.2904
0.004083;29242.74949;MLN;7001.035105;MLN;243093.4063;MLN;N/A;MLN;285952.1895;MLN;228127.0321;MLN;192.10752;10.56;8.3512;0.616
0.000983;1178.584;MLN;1165.3928;MLN;23076.72277;MLN;10899.416;MLN;24358.65432;MLN;24108.79096;MLN;0;12.7072;11.4048;-0.4224
0.062050;342.4256;MLN;72.6;MLN;3700.488;MLN;0.528;MLN;4003.296;MLN;3719.496;MLN;5.016;15.488;9.24;-6.248
0.012550;187.0920832;MLN;57.8716248;MLN;1030.206619;MLN;570.6760048;MLN;1498.331648;MLN;2159.954122;MLN;106.77304;14.344;12.056;2.97968
0.009150;4691.72;MLN;5705.392;MLN;78407.648;MLN;185411.248;MLN;36505.832;MLN;108580.56;MLN;70.312;12.584;10.648;0.264
0.006950;1242.404108;MLN;314.989268;MLN;6733.903581;MLN;1245.027344;MLN;7013.830358;MLN;7619.740084;MLN;106.20104;18.1544;N/A;2.49656
0.012550;275.7748576;MLN;72.0582808;MLN;2595.972738;MLN;220.2570216;MLN;2099.759429;MLN;658.60608;MLN;6.05968;11.9328;9.592;0.99968
0.001583;2622.5672;MLN;1098.39664;MLN;45572.13672;MLN;12092.89752;MLN;50986.99232;MLN;52760.5672;MLN;254.3992;15.7256;13.8864;1.0824
0.085450;228.503;MLN;150.7065912;MLN;1062.706603;MLN;770.4910312;MLN;426.9221616;MLN;N/A;MLN;114.72648;N/A;N/A;1.81544
0.000250;1831.192;MLN;1695.845114;MLN;47353.768;MLN;25209.33086;MLN;84667.704;MLN;N/A;MLN;427.0904;N/A;N/A;0.73304
0.009150;106.92;MLN;50.424;MLN;1985.808;MLN;262.856;MLN;1937.936;MLN;1952.808;MLN;90.0856;11.9416;11.2464;1.0912
0.009150;2473.852198;MLN;1429.211766;MLN;19568.20028;MLN;4771.332905;MLN;24513.93671;MLN;20190.16562;MLN;49.58536;14.256;11.704;0.51216
0.004083;291.8075424;MLN;137.3211928;MLN;6001.622924;MLN;360.925884;MLN;5149.087152;MLN;6812.504591;MLN;92.60328;16.016;14.344;1.69488
0.223150;330.704;MLN;307.56;MLN;2875.488;MLN;271.92;MLN;1656.336;MLN;2168.584;MLN;N/A;12.408;6.952;-7.92
0.000783;40202.15639;MLN;28044.07235;MLN;677351.868;MLN;799729.8342;MLN;665979.4127;MLN;603234.5015;MLN;65.00648;11.968;10.736;0.30448
0.023850;107.84356;MLN;34.041128;MLN;619.184016;MLN;31.248536;MLN;353.958704;MLN;969.003376;MLN;39.117408;15.4;12.144;-2.812304
0.011183;29235.41109;MLN;5499.610002;MLN;342806.1766;MLN;56092.52451;MLN;431462.9698;MLN;470146.9085;MLN;21.28808;10.4456;8.0696;0.79288
0.009983;2537.04;MLN;818.4;MLN;24289.76;MLN;3367.76;MLN;21510.72;MLN;29463.28;MLN;75.7504;11.3784;7.3216;0.7304
0.062050;235.8721728;MLN;34.6324704;MLN;1214.258399;MLN;232.5806736;MLN;978.2489992;MLN;1761.951831;MLN;42.97392;14.6696;10.8328;0.98736
0.012550;1544.132762;MLN;784.7675968;MLN;23598.24161;MLN;8200.807111;MLN;24312.34201;MLN;27664.66987;MLN;53.812;10.9912;8.8616;1.14752
0.162050;589.3244192;MLN;141.1981032;MLN;1807.79515;MLN;743.947996;MLN;2279.899406;MLN;N/A;MLN;1.56024;11.88;6.512;2.2
0.003850;2493.509022;MLN;2054.035966;MLN;84292.21703;MLN;16670.17993;MLN;47034.34812;MLN;58773.5579;MLN;20.1388;12.2584;10.6304;0.10648
0.002550;3452.01142;MLN;1552.921128;MLN;36108.41648;MLN;6717.946303;MLN;31476.76922;MLN;27421.74978;MLN;78.53472;11.968;9.68;1.01024
0.002050;6605.591265;MLN;2996.352999;MLN;163058.7787;MLN;16876.78582;MLN;156967.828;MLN;115635.2988;MLN;N/A;12.0208;9.1784;0.33704
0.012550;273.481692;MLN;256.5932952;MLN;4071.14312;MLN;931.32292;MLN;5036.730811;MLN;3975.032019;MLN;159.82032;16.2448;12.232;1.2452
0.000450;156.0245984;MLN;337.8611104;MLN;10957.55708;MLN;708.7189032;MLN;13010.62439;MLN;N/A;MLN;85.4832;N/A;19.36;0.33088
0.009150;412.5995896;MLN;202.8612608;MLN;7773.952252;MLN;14.8803248;MLN;7704.127341;MLN;8729.983284;MLN;13.5344;14.0448;13.5432;0.22
0.000483;1138.250722;MLN;471.7738872;MLN;30016.40264;MLN;7661.655874;MLN;34880.52662;MLN;42973.5937;MLN;551.6764;15.4968;13.5432;2.03016
0.029783;729.171432;MLN;247.216024;MLN;2509.481542;MLN;367.5057848;MLN;2149.710314;MLN;2823.159196;MLN;366.7444;21.384;14.872;-2.55728
0.162050;834.1913976;MLN;205.8413808;MLN;10748.29105;MLN;604.3822224;MLN;8096.28343;MLN;4119.28;MLN;131.71664;7.5064;7.5064;1.3904
0.012550;57.1018008;MLN;40.2395224;MLN;1366.03595;MLN;226.4910208;MLN;1374.850321;MLN;N/A;MLN;114.4;N/A;N/A;-0.88352
0.023850;32.9665248;MLN;6.9170992;MLN;157.4972344;MLN;132.3097512;MLN;210.5872472;MLN;N/A;MLN;714.97448;N/A;N/A;0.08712
0.032750;8.32216;MLN;8.0432;MLN;40.04;MLN;19.668;MLN;182.3448;MLN;177.8216;MLN;1144;14.256;11.264;2.7104
0.067883;546.8993992;MLN;138.6584496;MLN;4878.33669;MLN;1729.491306;MLN;7299.110465;MLN;N/A;MLN;723.96016;11.264;N/A;1.04896
0.000250;6056.16;MLN;3045.68;MLN;178545.84;MLN;49268.56;MLN;199248.72;MLN;N/A;MLN;175.12;13.552;11.88;0.8976
0.003317;501.5765568;MLN;371.8293568;MLN;9968.19465;MLN;126.2506784;MLN;11656.73874;MLN;12900.70681;MLN;101.82568;13.9304;12.1352;1.74504
0.023850;13293.544;MLN;2974.4;MLN;110852.632;MLN;8540.576;MLN;87614.032;MLN;128266.864;MLN;106.832;12.584;10.912;0
0.003317;378.3855152;MLN;120.9093952;MLN;9450.359459;MLN;997.430016;MLN;7238.036485;MLN;9189.983836;MLN;16.43752;15.1624;14.1064;0.68112
0.003850;217.7042032;MLN;138.9181024;MLN;2236.344959;MLN;1533.439354;MLN;2397.599204;MLN;3713.773263;MLN;173.07664;22.1408;21.6392;-0.01936
0.032750;12380.05334;MLN;2795.286014;MLN;144938.9688;MLN;11558.41276;MLN;183233.9805;MLN;180350.3081;MLN;81.74496;9.548;7.8232;0.86152
0.000450;1148.048;MLN;491.128;MLN;29516.784;MLN;2539.592;MLN;33264.264;MLN;43852.16;MLN;N/A;15.1008;13.1648;1.9096
0.001050;19759.96;MLN;15210.096;MLN;469618.16;MLN;232987.92;MLN;381424.56;MLN;374226.16;MLN;50.6;12.5224;9.724;0.2112
0.000250;2702.744;MLN;4426.136;MLN;166224.256;MLN;3556.872;MLN;205159.504;MLN;84944.288;MLN;155.584;13.288;11;0.44
0.005883;41363.45489;MLN;8300.996299;MLN;504562.1391;MLN;59382.6114;MLN;607969.8274;MLN;630867.4494;MLN;42.54888;11.8712;10.0848;0.87648
0.004850;148.8378056;MLN;51.8278904;MLN;1760.507575;MLN;331.8809384;MLN;2540.086419;MLN;1842.729847;MLN;133.21176;13.0944;11.3168;1.00232
0.000250;15257.792;MLN;8741.656;MLN;314942.408;MLN;257752.176;MLN;526839.192;MLN;286056.32;MLN;285.824;16.368;14.608;1.232
0.006950;3142.515024;MLN;1748.50302;MLN;86778.44462;MLN;24407.18605;MLN;76776.04924;MLN;51065.86915;MLN;282.99128;15.84;13.024;0.63888
0.062050;2370.187239;MLN;571.4638248;MLN;21646.46083;MLN;4697.152689;MLN;14357.25634;MLN;30139.13;MLN;65.16048;10.296;6.776;-3.88872
0.002317;696.5297064;MLN;249.1560544;MLN;13945.38969;MLN;1572.153924;MLN;12756.76106;MLN;19377.45589;MLN;104.13656;13.8424;N/A;1.5224
0.002550;2791.431192;MLN;2920.728096;MLN;54034.03544;MLN;11173.31054;MLN;59401.38424;MLN;53441.872;MLN;93.20696;12.936;10.824;1.06304
0.001850;1986.424;MLN;466.664;MLN;36945.832;MLN;4314.816;MLN;34136.696;MLN;45534.984;MLN;66.176;15.4;14.344;2.376
0.307350;18.95666667;MLN;21.26666667;MLN;139.2233333;MLN;66.47666667;MLN;109.67;MLN;N/A;MLN;0;47.2824;47.2824;-13.6576
0.004283;118201.0142;MLN;24199.82941;MLN;1617723.113;MLN;253004.1567;MLN;2207210.298;MLN;1791678.967;MLN;56.79872;13.3936;11.8624;1.14136
0.011183;30952.0312;MLN;4457.952497;MLN;304406.6467;MLN;44627.24277;MLN;400469.9989;MLN;456549.9162;MLN;19.8836;10.8152;8.316;0.97152
0.000250;2926.88;MLN;9428.32;MLN;55465.52;MLN;74957.52;MLN;246056.8;MLN;140705.84;MLN;N/A;11.88;11.528;0.72776
0.001383;22434.26247;MLN;26765.14578;MLN;527032.3761;MLN;680004.7563;MLN;545510.0292;MLN;467354.6037;MLN;84.85048;16.368;12.936;0.088
0.023850;42.8499896;MLN;33.9214744;MLN;133.2864104;MLN;277.272028;MLN;252.0444344;MLN;N/A;MLN;50.5032;20.416;17.8464;1.24872
0.002550;7727.28;MLN;2229.92;MLN;62997.44;MLN;N/A;MLN;52575.6;MLN;84415.3024;MLN;48.8752;15.136;11.3344;1.452
0.000250;5339.84;MLN;2291.96;MLN;131116.04;MLN;40249.176;MLN;153281.04;MLN;120195.68;MLN;158.576;14.784;13.024;0.88
0.023850;27570.84674;MLN;6535.167223;MLN;277637.2418;MLN;25639.36104;MLN;370390.5795;MLN;453621.5084;MLN;76.27136;10.1112;8.0872;0.96976
0.004750;98389.86521;MLN;25763.53572;MLN;1207845.255;MLN;226366.789;MLN;1835285.564;MLN;1489323.778;MLN;112.39008;11.792;9.6448;0.94248
0.023850;85.4526288;MLN;51.6842128;MLN;1407.263141;MLN;288.652628;MLN;1205.36841;MLN;N/A;MLN;2.14544;10.912;N/A;0.56408
0.012550;53.5369824;MLN;6.7120416;MLN;276.8444096;MLN;183.1208808;MLN;489.9455176;MLN;N/A;MLN;N/A;N/A;N/A;2.4948
0.004850;6425.848;MLN;1206.216;MLN;130119.264;MLN;46190.144;MLN;82423.968;MLN;66682.616;MLN;42.592;14.168;N/A;0.176
0.001050;470.8;MLN;1648.24;MLN;3080;MLN;267638.8;MLN;0.88;MLN;8.8;MLN;140.35384;8.8;8.8;-0.022
0.001050;504.328;MLN;288.376;MLN;9312.776;MLN;1265.704;MLN;10224.192;MLN;N/A;MLN;37.5496;19.272;17.864;1.2144
0.000250;19929.976;MLN;5843.816;MLN;386388.2;MLN;520.96;MLN;263502.8;MLN;221206.04;MLN;43.9912;11.704;10.032;0.8976
0.000450;178.1997888;MLN;196.1173368;MLN;9848.797842;MLN;1333.260799;MLN;13861.26447;MLN;6731.499078;MLN;555.76136;N/A;18.128;0.37576
0.020083;612.92;MLN;130.856;MLN;4467.76;MLN;1403.688;MLN;3927.968;MLN;6275.72;MLN;32.472;13.728;8.712;0.616
0.004850;1193.254797;MLN;1291.132806;MLN;29269.3606;MLN;7924.961906;MLN;35498.59716;MLN;32128.34586;MLN;3.1724;12.584;N/A;0.34408
0.002550;575.239588;MLN;133.498904;MLN;16205.07992;MLN;100.7890136;MLN;13447.39187;MLN;N/A;MLN;15.67016;16.3152;16.3152;2.18592
0.000250;40.128;MLN;277.728;MLN;740.256;MLN;1951.488;MLN;0;MLN;3986.4;MLN;65.8944;0;23.584;1.1176
0.006950;2109.096;MLN;594.176;MLN;16317.4;MLN;1556.368;MLN;13371.6;MLN;19383.76;MLN;87.3136;12.0648;9.0288;1.0736
0.001050;2015.27942;MLN;306.6033432;MLN;43381.15999;MLN;10461.32614;MLN;45252.57362;MLN;54959.75682;MLN;80.03688;14.7312;11.4576;0.84392
0.052283;252.6146832;MLN;72.7013936;MLN;2532.053014;MLN;518.744732;MLN;2743.650554;MLN;2876.081472;MLN;121.57816;12.452;7.0576;0.13376
0.023850;133.896796;MLN;35.0682904;MLN;933.028668;MLN;0;MLN;785.303288;MLN;N/A;MLN;58.13544;15.048;N/A;0.52008
0.023850;243.1358776;MLN;85.2866168;MLN;2608.455846;MLN;387.1066672;MLN;2487.153627;MLN;2518.551226;MLN;49.85992;11.0176;7.0752;1.18888
0.062050;158259.728;MLN;56553.376;MLN;1032823.924;MLN;224903.8;MLN;636492.208;MLN;1731235.704;MLN;16.22544;13.112;8.448;1.04192
0.000450;751.472656;MLN;1757.161639;MLN;32343.39393;MLN;24785.29267;MLN;57461.58048;MLN;17114.63017;MLN;129.98656;17.072;16.104;0.12936
0.006283;1943.248833;MLN;1173.719976;MLN;28146.66321;MLN;3827.347735;MLN;31427.16415;MLN;34115.58599;MLN;96.13912;14.6696;13.5344;0.99088
0.012550;220260.48;THD;42248.8;THD;684618.88;THD;1552599.84;THD;1832122.16;THD;2286595.52;THD;391.556;19.0256;N/A;0.484
0.009150;24.2395208;MLN;51.2574832;MLN;444.5509024;MLN;0;MLN;99.6407192;MLN;N/A;MLN;79.25544;19.2544;N/A;0.10472
0.000883;405.152;MLN;192.896;MLN;9405.44;MLN;2468.136;MLN;6402.44;MLN;8937.368;MLN;25.9776;16.104;13.728;0.9592
0.000450;4072.036813;MLN;1306.971222;MLN;104701.7811;MLN;55708.2431;MLN;159984.4723;MLN;N/A;MLN;48.01896;15.7168;11.3432;1.07008
0.004083;6844.992;MLN;1878.184;MLN;59691.896;MLN;16617.92;MLN;54749.464;MLN;73138.384;MLN;8.4656;12.8128;11.8184;1.6808
0.000450;5134.8;MLN;21795.84;MLN;75665.92;MLN;259634.32;MLN;60424.32;MLN;338062.56;MLN;308.88;18.48;14.96;0.88
0.000550;1337.101823;MLN;644.8862376;MLN;25090.68307;MLN;6475.40131;MLN;20264.04825;MLN;22803.83274;MLN;62.9068;19.712;19.624;1.00232
0.001883;24878.568;MLN;30586.864;MLN;415376.28;MLN;808040.288;MLN;543208.6;MLN;380725.312;MLN;236.016;14.256;12.936;-0.352
0.012550;142.296;MLN;68.376;MLN;1503.304;MLN;80.168;MLN;1939.52;MLN;1980;MLN;310.6312;16.016;15.2504;1.6016
0.023850;188.76;MLN;79.2;MLN;3524.059422;MLN;187.88;MLN;2951.986919;MLN;N/A;MLN;83.2744;19.0784;18.0752;0.8184
0.000383;2595.172747;MLN;890.0597992;MLN;31463.08004;MLN;6935.356666;MLN;24308.28447;MLN;N/A;MLN;91.32464;N/A;N/A;1.22056
0.000850;8164.790559;MLN;4241.4372;MLN;169672.8173;MLN;43598.56363;MLN;166038.8053;MLN;122207.4273;MLN;54.4808;14.608;12.672;0.6468
0.001850;4834.491103;MLN;2955.688674;MLN;126223.7148;MLN;228496.2914;MLN;106053.1755;MLN;119113.7745;MLN;95.98512;13.376;12.144;0.14344
0.077650;1302.57915;MLN;306.7038656;MLN;6820.078267;MLN;2697.788386;MLN;6788.525462;MLN;7589.780898;MLN;29.40344;14.5464;14.5464;0.52712
0.004850;942.8503128;MLN;1004.934146;MLN;16023.37752;MLN;989.8922352;MLN;25562.15614;MLN;0;MLN;145.08296;20.24;15.224;0
0.009150;334.576;MLN;201.432;MLN;5850.504;MLN;2847.416;MLN;8664.216;MLN;N/A;MLN;181.236;15.9016;14.696;1.6984
0.007717;4775.799512;MLN;1489.638304;MLN;48459.8121;MLN;5655.359776;MLN;37204.00235;MLN;61567.7656;MLN;45.9492;11.5984;8.3512;1.02344
0.032750;58.0932176;MLN;76.1651704;MLN;284.0939464;MLN;0;MLN;81.237948;MLN;N/A;MLN;40.28816;N/A;N/A;0.43208
0.009983;6171.133602;MLN;1021.572851;MLN;47042.59038;MLN;0;MLN;62497.21139;MLN;48279.3197;MLN;80.35632;9.372;7.1368;0.48664
0.004850;2353.583707;MLN;1053.193161;MLN;20802.64455;MLN;2787.051485;MLN;23629.59107;MLN;25084.05019;MLN;479.05704;17.0192;14.8544;1.73888
0.023850;329.3266856;MLN;95.5688096;MLN;4377.664104;MLN;163.5431864;MLN;3731.533291;MLN;4556.323182;MLN;6.34744;8.36;6.16;0.96976
0.000450;35976.04853;MLN;19002.63506;MLN;725771.5096;MLN;304099.646;MLN;631559.2924;MLN;488050.7869;MLN;104.67072;16.984;13.464;0.32736
0.000450;15631.85579;MLN;13330.87037;MLN;699945.701;MLN;219672.6169;MLN;983999.8118;MLN;515761.3893;MLN;104.02656;14.9776;12.0384;0.4664
0.029783;492.3048152;MLN;135.2382416;MLN;1220.474218;MLN;329.393724;MLN;1078.740062;MLN;N/A;MLN;42.27168;16.06;12.3024;1.31032
0.032750;2201.762957;MLN;672.3311056;MLN;16247.67291;MLN;379.1939008;MLN;31335.95003;MLN;22043.1271;MLN;159.78952;11.0264;8.2632;0.84216
0.004083;291.9823896;MLN;111.6772096;MLN;4008.486407;MLN;107.939788;MLN;5105.2947;MLN;5244.538253;MLN;547.80616;13.288;12.144;1.87968
0.001583;2229.04;MLN;1925.44;MLN;64381.68;MLN;16972.56;MLN;72557.76;MLN;77834.24;MLN;100.0736;12.6368;8.9144;0.6336
0.001050;920.7185768;MLN;526.4670752;MLN;26723.73699;MLN;62.658684;MLN;22598.8986;MLN;8831.808533;MLN;12.84448;22.968;19.36;0.1452
0.016317;346.2644592;MLN;87.9809744;MLN;3210.128654;MLN;266.323112;MLN;1778.680059;MLN;3555.005291;MLN;119.38608;12.4608;N/A;0.66968
0.002550;5437.52;MLN;1340.24;MLN;44943.36;MLN;16185.84;MLN;47489.2;MLN;N/A;MLN;N/A;13.4552;N/A;1.4696
0.002550;91.20958;MLN;39.5688656;MLN;1293.604814;MLN;778.3473192;MLN;859.7844464;MLN;1948.263504;MLN;61.14328;14.696;11.704;0.24728
0.018950;1076.416;MLN;120.912;MLN;7601.088;MLN;1925.088;MLN;10579.888;MLN;11900.856;MLN;373.824;14.52;8.096;0.176
0.000450;12935.12;MLN;9812;MLN;232239.04;MLN;175575.84;MLN;308557.04;MLN;264100.32;MLN;144.056;16.104;N/A;-0.264
0.023850;1392869.382;THD;289068.4579;THD;11584158.33;THD;972818.3133;THD;12849913.32;THD;15571445.87;THD;48.67544;11.2904;6.0984;0.60104
0.004083;450.0011032;MLN;215.7435896;MLN;5555.601929;MLN;1019.452887;MLN;4829.226662;MLN;5602.924976;MLN;99.10208;10.7536;10.7272;0.91696
0.000850;11689.04;MLN;21270.48;MLN;277999.04;MLN;319174.24;MLN;357039.76;MLN;188585.7512;MLN;165.5016;21.912;17.16;0.5544
0.000850;6359.191274;MLN;3530.957672;MLN;163284.464;MLN;22393.50379;MLN;168369.7005;MLN;111058.5484;MLN;N/A;14.0888;12.0912;0.34408
0.002083;1435.613001;MLN;1094.68935;MLN;26563.894;MLN;2492.914794;MLN;33199.44246;MLN;N/A;MLN;N/A;11.572;N/A;1.115422874
0.003317;4565.550898;MLN;1702.575098;MLN;37946.43483;MLN;7248.233546;MLN;43147.576;MLN;41063.91848;MLN;237.81208;15.8312;13.816;2.10936
0.001583;3017.872;MLN;1192.752;MLN;44675.136;MLN;11226.336;MLN;46071.96;MLN;45822.304;MLN;160.688;15.224;12.408;1.496
0.004850;237.9880272;MLN;165.2694648;MLN;5354.251593;MLN;610.682644;MLN;4794.347386;MLN;N/A;MLN;5.28264;N/A;N/A;0.90112
0.004850;471.856;MLN;205.744;MLN;9991.52;MLN;1598.08;MLN;9698.48;MLN;11823.152;MLN;137.192;14.608;13.64;1.76
0.023450;820.0239696;MLN;564.6946184;MLN;26742.80286;MLN;9208.431294;MLN;31249.05443;MLN;N/A;MLN;12.62888;13.7984;12.98;0.57288
0.062050;19.8704;MLN;31.944;MLN;180.9808;MLN;30.9848;MLN;553.6168;MLN;410.8896;MLN;322.96;10.4192;N/A;-0.264
0.014050;19237.72228;MLN;3424.022026;MLN;205178.738;MLN;31146.29138;MLN;270289.11;MLN;296272.6627;MLN;39.81296;10.4456;8.932;0.88176
0.000783;43089.51478;MLN;9283.176672;MLN;547052.8388;MLN;237585.3505;MLN;507676.0864;MLN;309714.6738;MLN;88.57992;15.312;12.76;0.417118015
0.023850;723.8384032;MLN;194.2760864;MLN;5481.452794;MLN;222.4214608;MLN;6706.797249;MLN;4641.843518;MLN;96.25;11.704;8.272;1.02872
0.000383;39696.8;MLN;32516.88;MLN;782241.68;MLN;245923.92;MLN;1107590;MLN;1053915.984;MLN;67.74768;11.0176;9.328;1.15896
0.018950;120.4402056;MLN;87.0119008;MLN;1884.962895;MLN;122.3082608;MLN;2336.441598;MLN;1589.417386;MLN;N/A;32.3664;22.5896;0.88528
0.004750;941.6299376;MLN;248.3648728;MLN;17045.76153;MLN;3110.491463;MLN;17921.25669;MLN;23203.82055;MLN;191.73;17.072;16.104;1.67904
0.023850;286.5810376;MLN;126.803204;MLN;2093.412024;MLN;206.9275648;MLN;2048.483941;MLN;N/A;MLN;15.13864;11.44;7.304;-1.47048
0.032750;84.8514128;MLN;29.0468904;MLN;421.6562768;MLN;207.2740912;MLN;609.7082552;MLN;N/A;MLN;167.77728;11.088;9.064;1.03224
0.004850;50.4514032;MLN;28.1252048;MLN;852.454724;MLN;192.2372408;MLN;130.187816;MLN;1409.739751;MLN;N/A;41.2632;40.2248;1.2672
0.003317;353.4497648;MLN;119.169688;MLN;8052.507681;MLN;405.350924;MLN;7714.425303;MLN;7237.166631;MLN;39.95024;13.6488;12.6016;1.00408
0.032750;162427.76;THD;201649.36;THD;1954724.64;THD;1791374.64;THD;485818.96;THD;N/A;THD;95.04;24.1384;13.2;-0.088
0.001050;10404.82949;MLN;7050.625613;MLN;566470.5763;MLN;326139.8764;MLN;797360.5948;MLN;443562.7955;MLN;7.99832;13.6048;11.22;0.34144
0.004083;313.808;MLN;169.048;MLN;8379.712;MLN;215.424;MLN;12921.392;MLN;12651.672;MLN;134.56608;15.664;14.784;0.34936
0.002550;8379.272;MLN;2365.616;MLN;65070.016;MLN;0;MLN;72417.84;MLN;N/A;MLN;N/A;13.596;11.5984;1.6896
0.004083;4833.84;MLN;1316.48;MLN;48755.52;MLN;14130.16;MLN;41251.76;MLN;63541.28;MLN;20.8736;12.7248;11.7304;1.2056
0.023850;3551.685113;MLN;1109.244312;MLN;22102.99898;MLN;428.2113616;MLN;29372.12377;MLN;25093.86185;MLN;0;13.2352;9.4248;0.10648
0.032750;141.1038816;MLN;63.9630552;MLN;985.5248568;MLN;227.8618056;MLN;1061.145545;MLN;N/A;MLN;276.1968;N/A;N/A;1.85944
0.002550;346.456;MLN;330.352;MLN;2042.92;MLN;908.6;MLN;3962.992;MLN;4471.016;MLN;377.5024;13.288;10.648;3.036
0.017017;34700.04613;MLN;4517.328605;MLN;241219.8978;MLN;77168.8726;MLN;336725.2773;MLN;464658.5502;MLN;12.53384;9.8472;8.0872;0.91872
0.023850;43.400016;MLN;18.16056;MLN;79.42044;MLN;247.659544;MLN;273.091192;MLN;N/A;MLN;123.34608;25.256;22.4752;0.744568
0.000850;12653.4134;MLN;5004.071943;MLN;252621.8008;MLN;58812.93516;MLN;220642.8781;MLN;103474.0138;MLN;100.84272;N/A;N/A;0.4356
0.001050;11143.95757;MLN;10544.68564;MLN;587213.0418;MLN;397207.1198;MLN;825300.5739;MLN;488567.5701;MLN;48.50736;13.5608;11.1232;0.34232
0.000450;1467.752;MLN;949.432;MLN;64379.392;MLN;106069.48;MLN;50481.464;MLN;42517.816;MLN;72.2304;23.056;22.88;0.2904
0.000450;51524.88;MLN;38381.2;MLN;543357.76;MLN;483200.96;MLN;798940.56;MLN;1002065.68;MLN;155.0604;16.3152;13.6312;0.8536
0.000250;23056.66238;MLN;6475.140179;MLN;435389.4798;MLN;100387.9889;MLN;322447.2477;MLN;249193.2117;MLN;51.42632;11.176;9.856;0.96008
0.000550;537.152;MLN;121.616;MLN;22779.7921;MLN;8109.904;MLN;19889.39901;MLN;N/A;MLN;61.3624;13.64;13.112;0.4136
0.006283;490.864;MLN;175.12;MLN;11381.92;MLN;207.592;MLN;11126.544;MLN;10868.176;MLN;10.252;13.6928;12.6368;0.6336
0.009150;180.5773728;MLN;75.52666;MLN;3852.088451;MLN;515.1833632;MLN;3351.78155;MLN;4847.667123;MLN;N/A;11.7832;10.208;1.13784
0.000250;44439.736;MLN;8935.08;MLN;520349.72;MLN;215614.872;MLN;479786.384;MLN;307674.224;MLN;78.056;14.872;12.76;0.44
0.006950;1230.24;MLN;370.48;MLN;12803.12;MLN;4277.68;MLN;11777.92;MLN;20712.56;MLN;90.3848;17.072;N/A;0.72512
0.002550;1616.680006;MLN;593.2230744;MLN;18425.25525;MLN;4052.774959;MLN;16082.72639;MLN;N/A;MLN;64.97128;8.3952;N/A;1.05248
0.004283;83481.85389;MLN;19594.65671;MLN;1238474.378;MLN;173496.2993;MLN;1590028.498;MLN;1444287.274;MLN;15.8928;12.3728;10.6216;0.98472
0.202783;673.6055392;MLN;156.0283648;MLN;4003.725968;MLN;1736.988704;MLN;3455.390382;MLN;4044.309474;MLN;6.3976;5.544;3.9512;-7.3744
0.023850;419.8323448;MLN;274.2036;MLN;8586.922309;MLN;534.4191688;MLN;7355.113902;MLN;9718.61095;MLN;23.28832;15.576;9.372;-1.39656
0.001850;827.112;MLN;391.6;MLN;17457.88;MLN;1193.28;MLN;16852.528;MLN;21621.952;MLN;30.536;14.168;11.88;1.408
0.012550;238.5064;MLN;92.9984;MLN;1732.4032;MLN;112.9128;MLN;1535.16;MLN;2747.1752;MLN;0.8712;14.08;11.264;3.1152
0.000450;628.76;MLN;531.256;MLN;26556.552;MLN;1131.68;MLN;26037.88;MLN;14967.92;MLN;80.432;15.136;15.048;0.6336
0.007717;6075.885446;MLN;1258.220251;MLN;54767.7613;MLN;0;MLN;66706.79457;MLN;5251.743719;MLN;103.28472;11.9944;9.9352;-0.62128
0.012550;252.472;MLN;86.944;MLN;6098.488;MLN;2217.248;MLN;3003.792;MLN;4438.896;MLN;57.9216;11.8976;9.504;-0.264
0.001850;167.08692;MLN;40.26616;MLN;2681.094768;MLN;946.888888;MLN;3111.477512;MLN;3120.526376;MLN;57.97352;16.7552;14.3088;0.19976
0.009983;1831.767696;MLN;601.447088;MLN;14820.44318;MLN;1392.696448;MLN;12399.21241;MLN;17281.6747;MLN;188.01816;12.3728;9.3544;1.07888
0.004083;5722.880997;MLN;1898.886009;MLN;54574.34261;MLN;8405.297833;MLN;45058.62097;MLN;72960.13229;MLN;53.64832;11.9064;11.2816;1.3068
0.026017;241.384;MLN;68.728;MLN;1265.968;MLN;117.128;MLN;386.76;MLN;1717.76;MLN;26.752;16.192;12.232;0.088
0.023850;87.679196;MLN;61.28254;MLN;519.9023456;MLN;0.1314456;MLN;635.6717048;MLN;N/A;MLN;644.65016;11.9416;8.1576;3.36072
0.007717;15820.552;MLN;4619.912;MLN;60239.696;MLN;27561.952;MLN;31911.528;MLN;N/A;MLN;21.8328;13.816;12.584;1.5312
0.002550;269.4131792;MLN;88.6227584;MLN;8842.539077;MLN;2064.38327;MLN;4786.395293;MLN;7504.670791;MLN;49.98576;13.0856;9.8296;0.58256
0.006950;887.744;MLN;398.376;MLN;14151.896;MLN;1736.768;MLN;15709.408;MLN;14165.536;MLN;281.248;14.696;9.944;0.968
0.011417;1331.681402;MLN;515.0366144;MLN;24505.26206;MLN;59.7848856;MLN;26353.60948;MLN;29607.87221;MLN;94.94848;13.816;13.64;2.4684
0.023850;107.84356;MLN;34.041128;MLN;619.184016;MLN;31.248536;MLN;353.958704;MLN;969.003376;MLN;39.117408;15.4;12.144;-2.812304
0.000550;1886.0248;MLN;1519.37104;MLN;44702.08072;MLN;7635.452;MLN;49594.66864;MLN;51484.4;MLN;N/A;10.3312;8.6504;0.8536
0.007717;7915.688757;MLN;1349.940143;MLN;103356.1695;MLN;45724.55169;MLN;58057.007;MLN;61005.98908;MLN;34.84184;14.7136;11.66;0.24112
